{
    "epoch": 2.0,
    "total_flos": 1.692380186494894e+17,
    "train_loss": 0.06998789564092109,
    "train_runtime": 2222.9979,
    "train_samples_per_second": 26.991,
    "train_steps_per_second": 0.211
}